symbol,timestamp,open,high,low,close,volume,trade_count,vwap
AAPL,2024-12-02 14:30:00+00:00,237.33,239.465,237.18,238.41,75424.0,889.0,238.619249
AAPL,2024-12-02 14:45:00+00:00,238.51,239.28,238.39,239.27,33418.0,383.0,238.783609
AAPL,2024-12-02 15:00:00+00:00,239.32,239.83,238.98,239.705,49859.0,544.0,239.372389
AAPL,2024-12-02 15:15:00+00:00,239.73,240.25,239.6,240.25,60064.0,648.0,239.91398
AAPL,2024-12-02 15:30:00+00:00,240.29,240.76,240.19,240.19,49674.0,565.0,240.49553
AAPL,2024-12-02 15:45:00+00:00,240.19,240.44,239.85,240.1,25787.0,371.0,240.188591
AAPL,2024-12-02 16:00:00+00:00,240.06,240.14,239.63,240.1,33345.0,435.0,239.872875
AAPL,2024-12-02 16:15:00+00:00,240.065,240.23,239.465,239.83,40839.0,406.0,239.785928
AAPL,2024-12-02 16:30:00+00:00,239.8,239.91,239.38,239.88,25035.0,289.0,239.673433
AAPL,2024-12-02 16:45:00+00:00,239.82,240.0,239.73,239.97,12669.0,188.0,239.903002
AAPL,2024-12-02 17:00:00+00:00,240.04,240.17,239.78,239.78,12551.0,241.0,240.010348
AAPL,2024-12-02 17:15:00+00:00,239.86,240.2,239.76,239.84,21122.0,255.0,239.98231
AAPL,2024-12-02 17:30:00+00:00,239.79,239.99,239.72,239.73,9987.0,185.0,239.858811
AAPL,2024-12-02 17:45:00+00:00,239.75,239.82,239.52,239.54,22178.0,221.0,239.669673
AAPL,2024-12-02 18:00:00+00:00,239.46,239.71,239.26,239.36,11360.0,178.0,239.513132
AAPL,2024-12-02 18:15:00+00:00,239.265,239.59,239.265,239.51,23543.0,181.0,239.470606
AAPL,2024-12-02 18:30:00+00:00,239.45,239.47,239.27,239.33,5862.0,85.0,239.352371
AAPL,2024-12-02 18:45:00+00:00,239.44,239.5,239.04,239.1,14711.0,152.0,239.251268
AAPL,2024-12-02 19:00:00+00:00,239.145,239.4,239.07,239.17,10365.0,144.0,239.272775
AAPL,2024-12-02 19:15:00+00:00,239.115,239.35,239.11,239.345,9110.0,145.0,239.232702
AAPL,2024-12-02 19:30:00+00:00,239.32,239.445,239.285,239.38,9136.0,161.0,239.374887
AAPL,2024-12-02 19:45:00+00:00,239.365,239.65,239.34,239.65,12430.0,203.0,239.489003
AAPL,2024-12-02 20:00:00+00:00,239.64,239.715,239.38,239.505,13459.0,247.0,239.532936
AAPL,2024-12-02 20:15:00+00:00,239.53,239.83,239.375,239.83,10633.0,199.0,239.561366
AAPL,2024-12-02 20:30:00+00:00,239.795,239.94,239.64,239.685,16247.0,335.0,239.78265
AAPL,2024-12-02 20:45:00+00:00,239.705,239.86,239.06,239.635,135609.0,1496.0,239.562767
AAPL,2024-12-03 14:30:00+00:00,239.9,239.93,238.99,239.61,55022.0,704.0,239.404153
AAPL,2024-12-03 14:45:00+00:00,239.61,240.91,239.61,240.9,56008.0,558.0,240.316337
AAPL,2024-12-03 15:00:00+00:00,240.855,241.235,240.58,241.225,58192.0,710.0,240.885127
AAPL,2024-12-03 15:15:00+00:00,241.235,241.355,240.36,240.51,40520.0,534.0,240.808536
AAPL,2024-12-03 15:30:00+00:00,240.465,241.12,240.455,240.87,33564.0,419.0,240.832627
AAPL,2024-12-03 15:45:00+00:00,240.86,241.245,240.75,241.245,55847.0,547.0,240.956791
AAPL,2024-12-03 16:00:00+00:00,241.12,241.2,240.85,240.945,37570.0,361.0,241.026806
AAPL,2024-12-03 16:15:00+00:00,240.93,241.315,240.82,241.315,16299.0,232.0,241.162981
AAPL,2024-12-03 16:30:00+00:00,241.34,241.38,240.995,241.23,45586.0,411.0,241.150299
AAPL,2024-12-03 16:45:00+00:00,241.235,241.505,241.22,241.41,19749.0,276.0,241.397935
AAPL,2024-12-03 17:00:00+00:00,241.37,241.62,241.37,241.405,19255.0,228.0,241.488907
AAPL,2024-12-03 17:15:00+00:00,241.425,241.545,241.24,241.28,15781.0,191.0,241.395596
AAPL,2024-12-03 17:30:00+00:00,241.27,241.515,241.14,241.495,15967.0,216.0,241.251465
AAPL,2024-12-03 17:45:00+00:00,241.495,241.695,241.495,241.665,16402.0,248.0,241.623746
AAPL,2024-12-03 18:00:00+00:00,241.655,241.69,241.34,241.34,17354.0,245.0,241.523276
AAPL,2024-12-03 18:15:00+00:00,241.345,241.65,241.32,241.435,23037.0,227.0,241.496148
AAPL,2024-12-03 18:30:00+00:00,241.39,241.79,241.36,241.67,16812.0,202.0,241.56281
AAPL,2024-12-03 18:45:00+00:00,241.655,241.79,241.585,241.725,19842.0,204.0,241.711452
AAPL,2024-12-03 19:00:00+00:00,241.715,242.035,241.675,242.0,23519.0,285.0,241.821004
AAPL,2024-12-03 19:15:00+00:00,241.975,242.15,241.78,242.15,23132.0,293.0,242.02781
AAPL,2024-12-03 19:30:00+00:00,242.135,242.205,242.065,242.11,22720.0,299.0,242.142016
AAPL,2024-12-03 19:45:00+00:00,242.1,242.455,242.08,242.39,30059.0,327.0,242.321962
AAPL,2024-12-03 20:00:00+00:00,242.375,242.38,241.92,241.96,21959.0,312.0,242.111241
AAPL,2024-12-03 20:15:00+00:00,241.88,242.095,241.84,242.06,26997.0,412.0,241.94971
AAPL,2024-12-03 20:30:00+00:00,242.065,242.38,242.065,242.335,39544.0,491.0,242.266135
AAPL,2024-12-03 20:45:00+00:00,242.34,242.76,242.16,242.65,135269.0,1614.0,242.490898
AAPL,2024-12-04 14:30:00+00:00,242.86,243.75,242.52,243.04,42652.0,602.0,243.033287
AAPL,2024-12-04 14:45:00+00:00,243.15,243.87,243.02,243.58,44435.0,570.0,243.363469
AAPL,2024-12-04 15:00:00+00:00,243.49,244.1,243.15,243.535,58836.0,799.0,243.652121
AAPL,2024-12-04 15:15:00+00:00,243.575,243.65,243.235,243.45,45048.0,551.0,243.410304
AAPL,2024-12-04 15:30:00+00:00,243.47,243.68,243.325,243.4,49113.0,543.0,243.495092
AAPL,2024-12-04 15:45:00+00:00,243.425,243.625,243.2,243.465,35137.0,455.0,243.423556
AAPL,2024-12-04 16:00:00+00:00,243.605,243.81,243.29,243.355,26231.0,439.0,243.5418
AAPL,2024-12-04 16:15:00+00:00,243.345,243.39,242.86,242.905,23047.0,342.0,243.116408
AAPL,2024-12-04 16:30:00+00:00,242.83,242.855,242.12,242.14,32268.0,400.0,242.437569
AAPL,2024-12-04 16:45:00+00:00,242.23,242.555,242.23,242.49,16359.0,319.0,242.419915
AAPL,2024-12-04 17:00:00+00:00,242.445,242.445,241.96,242.065,23803.0,429.0,242.091917
AAPL,2024-12-04 17:15:00+00:00,242.065,242.17,241.26,242.05,34614.0,526.0,241.86463
AAPL,2024-12-04 17:30:00+00:00,242.095,242.155,241.66,241.94,15966.0,273.0,241.937923
AAPL,2024-12-04 17:45:00+00:00,241.95,242.49,241.95,242.345,18821.0,268.0,242.213885
AAPL,2024-12-04 18:00:00+00:00,242.35,242.48,242.32,242.32,13068.0,226.0,242.41119
AAPL,2024-12-04 18:15:00+00:00,242.35,242.495,242.23,242.255,15187.0,245.0,242.413607
AAPL,2024-12-04 18:30:00+00:00,242.25,242.28,241.93,242.125,20613.0,321.0,242.129352
AAPL,2024-12-04 18:45:00+00:00,242.15,242.86,242.15,242.5,12208.0,254.0,242.49896
AAPL,2024-12-04 19:00:00+00:00,242.455,242.87,242.44,242.83,12891.0,231.0,242.7187
AAPL,2024-12-04 19:15:00+00:00,242.855,243.175,242.85,243.065,22812.0,286.0,243.062086
AAPL,2024-12-04 19:30:00+00:00,243.06,243.115,242.83,242.88,19433.0,288.0,242.987524
AAPL,2024-12-04 19:45:00+00:00,242.915,242.99,242.82,242.92,10870.0,278.0,242.913844
AAPL,2024-12-04 20:00:00+00:00,242.9,243.0,242.845,242.935,20342.0,281.0,242.933623
AAPL,2024-12-04 20:15:00+00:00,242.95,243.05,242.9,242.985,15393.0,315.0,242.967732
AAPL,2024-12-04 20:30:00+00:00,242.985,243.185,242.855,243.09,29318.0,443.0,242.999802
AAPL,2024-12-04 20:45:00+00:00,243.075,243.49,242.83,242.94,101824.0,1348.0,243.038309
AAPL,2024-12-05 14:30:00+00:00,244.06,244.455,242.75,243.14,54928.0,612.0,243.566226
AAPL,2024-12-05 14:45:00+00:00,243.075,243.52,243.005,243.52,44461.0,377.0,243.219862
AAPL,2024-12-05 15:00:00+00:00,243.375,243.55,243.06,243.125,41473.0,470.0,243.370202
AAPL,2024-12-05 15:15:00+00:00,243.14,243.2,242.8,242.99,32406.0,366.0,243.013221
AAPL,2024-12-05 15:30:00+00:00,242.93,243.07,242.67,242.9,24306.0,297.0,242.924328
AAPL,2024-12-05 15:45:00+00:00,242.96,242.965,242.29,242.41,34176.0,404.0,242.48018
AAPL,2024-12-05 16:00:00+00:00,242.35,242.77,242.27,242.585,12051.0,209.0,242.582471
AAPL,2024-12-05 16:15:00+00:00,242.605,242.74,242.5,242.54,15572.0,285.0,242.61044
AAPL,2024-12-05 16:30:00+00:00,242.535,242.555,242.36,242.45,20386.0,236.0,242.498067
AAPL,2024-12-05 16:45:00+00:00,242.515,242.65,242.39,242.63,12931.0,190.0,242.498403
AAPL,2024-12-05 17:00:00+00:00,242.655,243.24,242.46,243.185,62600.0,577.0,242.636372
AAPL,2024-12-05 17:15:00+00:00,243.19,243.37,243.12,243.33,26748.0,272.0,243.243801
AAPL,2024-12-05 17:30:00+00:00,243.305,243.37,243.035,243.09,33483.0,270.0,243.215449
AAPL,2024-12-05 17:45:00+00:00,243.115,243.22,242.81,242.92,24716.0,290.0,243.078899
AAPL,2024-12-05 18:00:00+00:00,242.96,243.135,242.85,243.105,6446.0,131.0,243.005962
AAPL,2024-12-05 18:15:00+00:00,243.115,243.245,242.63,242.795,25740.0,300.0,242.888506
AAPL,2024-12-05 18:30:00+00:00,242.85,243.31,242.85,243.135,12101.0,186.0,243.155868
AAPL,2024-12-05 18:45:00+00:00,243.13,243.26,242.95,243.16,16754.0,240.0,243.131307
AAPL,2024-12-05 19:00:00+00:00,243.235,243.57,243.015,243.555,14803.0,234.0,243.270985
AAPL,2024-12-05 19:15:00+00:00,243.545,243.685,243.28,243.29,14728.0,226.0,243.484827
AAPL,2024-12-05 19:30:00+00:00,243.275,243.36,242.985,243.075,24224.0,331.0,243.202497
AAPL,2024-12-05 19:45:00+00:00,243.075,243.13,242.99,243.12,8543.0,162.0,243.038966
AAPL,2024-12-05 20:00:00+00:00,243.09,243.26,242.9,243.0,21039.0,247.0,243.11297
AAPL,2024-12-05 20:15:00+00:00,242.99,243.005,242.76,242.88,33965.0,377.0,242.867199
AAPL,2024-12-05 20:30:00+00:00,242.89,243.0,242.74,242.94,58923.0,670.0,242.86177
AAPL,2024-12-05 20:45:00+00:00,242.93,243.07,242.195,243.07,149443.0,1617.0,242.749742
AAPL,2024-12-06 14:30:00+00:00,242.96,243.12,242.12,243.07,58309.0,792.0,242.797086
AAPL,2024-12-06 14:45:00+00:00,243.12,244.15,243.08,243.615,61558.0,617.0,243.830543
AAPL,2024-12-06 15:00:00+00:00,243.67,244.625,243.59,244.195,46880.0,584.0,244.155657
AAPL,2024-12-06 15:15:00+00:00,244.19,244.3,243.19,243.41,42278.0,424.0,243.623765
AAPL,2024-12-06 15:30:00+00:00,243.52,243.74,243.42,243.59,14924.0,275.0,243.600467
AAPL,2024-12-06 15:45:00+00:00,243.64,243.66,243.34,243.59,14541.0,234.0,243.509589
AAPL,2024-12-06 16:00:00+00:00,243.6,244.08,243.595,243.7,24938.0,302.0,243.821949
AAPL,2024-12-06 16:15:00+00:00,243.69,243.86,243.53,243.585,20577.0,220.0,243.770434
AAPL,2024-12-06 16:30:00+00:00,243.6,243.84,243.6,243.7,21206.0,222.0,243.716708
AAPL,2024-12-06 16:45:00+00:00,243.7,243.74,243.64,243.65,18908.0,197.0,243.689009
AAPL,2024-12-06 17:00:00+00:00,243.65,243.72,243.23,243.28,18645.0,240.0,243.433579
AAPL,2024-12-06 17:15:00+00:00,243.33,243.73,243.33,243.59,10287.0,163.0,243.575539
AAPL,2024-12-06 17:30:00+00:00,243.6,243.61,242.95,242.99,21756.0,294.0,243.360984
AAPL,2024-12-06 17:45:00+00:00,243.01,243.18,242.965,243.035,10332.0,153.0,243.060537
AAPL,2024-12-06 18:00:00+00:00,243.025,243.245,242.95,243.195,20152.0,273.0,243.099969
AAPL,2024-12-06 18:15:00+00:00,243.23,243.345,243.145,243.26,11384.0,162.0,243.273407
AAPL,2024-12-06 18:30:00+00:00,243.225,243.37,243.05,243.295,16067.0,206.0,243.229981
AAPL,2024-12-06 18:45:00+00:00,243.29,243.63,243.29,243.63,12554.0,235.0,243.521068
AAPL,2024-12-06 19:00:00+00:00,243.62,243.63,243.12,243.41,9554.0,175.0,243.395986
AAPL,2024-12-06 19:15:00+00:00,243.27,243.525,243.13,243.165,17901.0,306.0,243.354795
AAPL,2024-12-06 19:30:00+00:00,243.145,243.17,242.94,243.045,15649.0,294.0,243.066836
AAPL,2024-12-06 19:45:00+00:00,243.02,243.27,242.97,242.97,7519.0,114.0,243.121557
AAPL,2024-12-06 20:00:00+00:00,242.94,243.32,242.875,243.32,12033.0,179.0,243.039926
AAPL,2024-12-06 20:15:00+00:00,243.245,243.4,243.0,243.06,16655.0,264.0,243.207988
AAPL,2024-12-06 20:30:00+00:00,243.13,243.15,242.93,242.985,19820.0,320.0,243.03391
AAPL,2024-12-06 20:45:00+00:00,242.99,243.04,242.52,242.69,127751.0,1348.0,242.725374
AAPL,2024-12-09 14:30:00+00:00,241.865,243.25,241.8,243.25,66537.0,738.0,242.887969
AAPL,2024-12-09 14:45:00+00:00,243.255,244.14,243.25,243.99,49261.0,858.0,243.840923
AAPL,2024-12-09 15:00:00+00:00,243.92,244.72,243.805,244.42,56548.0,741.0,244.250519
AAPL,2024-12-09 15:15:00+00:00,244.44,244.66,244.13,244.51,25147.0,415.0,244.396672
AAPL,2024-12-09 15:30:00+00:00,244.485,245.35,244.44,245.235,57400.0,647.0,244.932649
AAPL,2024-12-09 15:45:00+00:00,245.23,246.26,245.05,246.02,54682.0,659.0,245.726686
AAPL,2024-12-09 16:00:00+00:00,246.045,246.93,246.01,246.885,71496.0,573.0,246.310769
AAPL,2024-12-09 16:15:00+00:00,246.91,247.225,246.32,246.48,64985.0,566.0,246.815751
AAPL,2024-12-09 16:30:00+00:00,246.455,247.02,246.32,246.345,47498.0,442.0,246.722868
AAPL,2024-12-09 16:45:00+00:00,246.43,247.11,246.34,246.88,21459.0,412.0,246.777223
AAPL,2024-12-09 17:00:00+00:00,246.87,247.17,246.6,247.155,44695.0,484.0,246.947804
AAPL,2024-12-09 17:15:00+00:00,247.15,247.24,246.72,246.82,25707.0,444.0,247.010836
AAPL,2024-12-09 17:30:00+00:00,246.825,247.0,246.49,246.71,21015.0,418.0,246.801595
AAPL,2024-12-09 17:45:00+00:00,246.68,246.89,245.72,246.19,33020.0,451.0,246.290119
AAPL,2024-12-09 18:00:00+00:00,246.205,246.58,246.14,246.47,15085.0,253.0,246.305768
AAPL,2024-12-09 18:15:00+00:00,246.49,247.005,246.49,246.905,18784.0,273.0,246.763629
AAPL,2024-12-09 18:30:00+00:00,246.845,246.85,246.39,246.515,21098.0,390.0,246.602185
AAPL,2024-12-09 18:45:00+00:00,246.57,246.83,246.43,246.74,18064.0,318.0,246.644099
AAPL,2024-12-09 19:00:00+00:00,246.66,246.72,246.265,246.28,21720.0,345.0,246.527709
AAPL,2024-12-09 19:15:00+00:00,246.275,246.43,246.07,246.13,17325.0,335.0,246.249974
AAPL,2024-12-09 19:30:00+00:00,246.095,246.32,245.9,246.15,15593.0,265.0,246.104339
AAPL,2024-12-09 19:45:00+00:00,246.22,246.47,246.095,246.385,19391.0,256.0,246.292592
AAPL,2024-12-09 20:00:00+00:00,246.425,246.46,246.23,246.4,17129.0,310.0,246.356881
AAPL,2024-12-09 20:15:00+00:00,246.465,246.76,246.32,246.76,26199.0,436.0,246.498888
AAPL,2024-12-09 20:30:00+00:00,246.81,247.06,246.575,246.575,31347.0,439.0,246.869756
AAPL,2024-12-09 20:45:00+00:00,246.575,247.0,246.155,246.89,116985.0,1233.0,246.624626
AAPL,2024-12-10 14:30:00+00:00,246.91,247.63,245.89,246.94,104126.0,1073.0,246.604891
AAPL,2024-12-10 14:45:00+00:00,247.27,247.75,246.92,247.73,37148.0,531.0,247.349983
AAPL,2024-12-10 15:00:00+00:00,247.63,247.63,246.78,246.93,25647.0,392.0,247.174124
AAPL,2024-12-10 15:15:00+00:00,247.02,247.265,246.6,246.715,14743.0,268.0,246.88327
AAPL,2024-12-10 15:30:00+00:00,246.68,246.87,246.3,246.3,29032.0,380.0,246.62455
AAPL,2024-12-10 15:45:00+00:00,246.31,246.435,245.84,245.895,29283.0,371.0,246.141417
AAPL,2024-12-10 16:00:00+00:00,245.885,246.24,245.57,245.86,54698.0,656.0,245.916763
AAPL,2024-12-10 16:15:00+00:00,245.825,245.83,245.35,245.64,31371.0,442.0,245.60944
AAPL,2024-12-10 16:30:00+00:00,245.665,246.45,245.63,246.36,40565.0,496.0,246.037898
AAPL,2024-12-10 16:45:00+00:00,246.39,246.52,246.2,246.415,18803.0,316.0,246.380611
AAPL,2024-12-10 17:00:00+00:00,246.41,246.9,246.41,246.66,20074.0,294.0,246.789908
AAPL,2024-12-10 17:15:00+00:00,246.66,247.16,246.6,247.04,14572.0,234.0,246.902092
AAPL,2024-12-10 17:30:00+00:00,247.05,247.3,246.975,247.19,8623.0,183.0,247.129731
AAPL,2024-12-10 17:45:00+00:00,247.24,247.24,246.77,246.91,8377.0,218.0,246.996399
AAPL,2024-12-10 18:00:00+00:00,246.795,247.01,246.725,246.77,11523.0,261.0,246.818286
AAPL,2024-12-10 18:15:00+00:00,246.795,247.475,246.795,247.41,19180.0,253.0,247.246797
AAPL,2024-12-10 18:30:00+00:00,247.405,247.71,247.36,247.6,14429.0,196.0,247.555619
AAPL,2024-12-10 18:45:00+00:00,247.59,247.77,247.555,247.6,20614.0,208.0,247.645841
AAPL,2024-12-10 19:00:00+00:00,247.595,247.8,247.56,247.8,21080.0,254.0,247.685695
AAPL,2024-12-10 19:15:00+00:00,247.76,247.76,247.39,247.47,30351.0,197.0,247.513279
AAPL,2024-12-10 19:30:00+00:00,247.45,247.635,247.41,247.595,42279.0,353.0,247.482156
AAPL,2024-12-10 19:45:00+00:00,247.605,248.08,247.59,248.04,31456.0,337.0,247.87246
AAPL,2024-12-10 20:00:00+00:00,248.05,248.205,247.52,247.775,41514.0,485.0,247.942488
AAPL,2024-12-10 20:15:00+00:00,247.805,247.82,247.51,247.73,18437.0,277.0,247.670236
AAPL,2024-12-10 20:30:00+00:00,247.745,248.04,247.65,247.85,25433.0,347.0,247.839978
AAPL,2024-12-10 20:45:00+00:00,247.84,247.89,247.38,247.81,98647.0,1162.0,247.660001
AAPL,2024-12-11 14:30:00+00:00,247.96,249.43,247.65,249.21,62611.0,809.0,248.538415
AAPL,2024-12-11 14:45:00+00:00,249.39,249.79,249.14,249.285,48027.0,535.0,249.42649
AAPL,2024-12-11 15:00:00+00:00,249.31,249.97,249.135,249.64,46981.0,612.0,249.694907
AAPL,2024-12-11 15:15:00+00:00,249.73,249.91,249.37,249.4,31762.0,498.0,249.630755
AAPL,2024-12-11 15:30:00+00:00,249.455,250.18,249.425,249.69,28423.0,470.0,249.735693
AAPL,2024-12-11 15:45:00+00:00,249.73,250.16,249.63,250.16,15338.0,285.0,249.875037
AAPL,2024-12-11 16:00:00+00:00,250.15,250.77,249.94,250.26,25876.0,342.0,250.339729
AAPL,2024-12-11 16:15:00+00:00,250.27,250.64,249.98,250.45,33060.0,388.0,250.307351
AAPL,2024-12-11 16:30:00+00:00,250.38,250.38,249.6,249.67,30669.0,369.0,249.885742
AAPL,2024-12-11 16:45:00+00:00,249.595,249.87,249.36,249.52,10343.0,174.0,249.605994
AAPL,2024-12-11 17:00:00+00:00,249.53,249.77,249.415,249.6,14388.0,239.0,249.603082
AAPL,2024-12-11 17:15:00+00:00,249.71,249.835,249.545,249.74,6702.0,101.0,249.655771
AAPL,2024-12-11 17:30:00+00:00,249.75,249.76,249.41,249.48,8683.0,132.0,249.511806
AAPL,2024-12-11 17:45:00+00:00,249.375,249.42,249.1,249.205,10274.0,147.0,249.261623
AAPL,2024-12-11 18:00:00+00:00,249.225,249.44,249.15,249.18,6089.0,103.0,249.28541
AAPL,2024-12-11 18:15:00+00:00,249.25,249.25,248.995,249.1,6881.0,135.0,249.116869
AAPL,2024-12-11 18:30:00+00:00,249.1,249.16,248.92,249.0,11433.0,157.0,249.061735
AAPL,2024-12-11 18:45:00+00:00,248.95,248.95,248.36,248.415,10182.0,168.0,248.679107
AAPL,2024-12-11 19:00:00+00:00,248.375,248.545,248.095,248.49,10545.0,176.0,248.233823
AAPL,2024-12-11 19:15:00+00:00,248.55,248.55,248.25,248.26,9685.0,145.0,248.373884
AAPL,2024-12-11 19:30:00+00:00,248.32,248.435,248.03,248.035,18319.0,232.0,248.311778
AAPL,2024-12-11 19:45:00+00:00,248.05,248.05,247.59,247.805,31488.0,284.0,247.743461
AAPL,2024-12-11 20:00:00+00:00,247.835,247.895,247.425,247.55,22181.0,205.0,247.670891
AAPL,2024-12-11 20:15:00+00:00,247.505,247.515,247.05,247.16,31152.0,355.0,247.265677
AAPL,2024-12-11 20:30:00+00:00,247.12,247.12,246.79,246.91,44820.0,448.0,246.941206
AAPL,2024-12-11 20:45:00+00:00,246.91,247.04,246.275,246.455,162017.0,1441.0,246.713184
AAPL,2024-12-12 14:30:00+00:00,246.93,247.445,245.75,246.05,60137.0,672.0,246.608785
AAPL,2024-12-12 14:45:00+00:00,245.93,246.64,245.84,246.64,32929.0,492.0,246.191995
AAPL,2024-12-12 15:00:00+00:00,246.57,247.13,246.01,247.13,41620.0,552.0,246.462515
AAPL,2024-12-12 15:15:00+00:00,247.12,248.11,247.04,247.96,27673.0,510.0,247.531566
AAPL,2024-12-12 15:30:00+00:00,248.03,248.535,247.98,247.98,26309.0,451.0,248.238493
AAPL,2024-12-12 15:45:00+00:00,247.97,248.37,247.88,248.015,13496.0,281.0,248.096776
AAPL,2024-12-12 16:00:00+00:00,248.055,248.2,247.68,247.89,20723.0,352.0,247.927226
AAPL,2024-12-12 16:15:00+00:00,247.83,248.58,247.83,248.47,27056.0,629.0,248.096554
AAPL,2024-12-12 16:30:00+00:00,248.5,248.54,248.16,248.26,9382.0,167.0,248.322157
AAPL,2024-12-12 16:45:00+00:00,248.18,248.35,248.095,248.205,9268.0,202.0,248.212744
AAPL,2024-12-12 17:00:00+00:00,248.18,248.355,247.995,248.285,25941.0,348.0,248.163108
AAPL,2024-12-12 17:15:00+00:00,248.38,248.425,248.07,248.155,14177.0,257.0,248.173857
AAPL,2024-12-12 17:30:00+00:00,248.13,248.24,247.65,248.21,19681.0,350.0,247.962784
AAPL,2024-12-12 17:45:00+00:00,248.25,248.545,248.12,248.545,22351.0,294.0,248.256827
AAPL,2024-12-12 18:00:00+00:00,248.55,248.7,248.385,248.64,19655.0,289.0,248.536557
AAPL,2024-12-12 18:15:00+00:00,248.6,248.73,248.47,248.58,21210.0,336.0,248.612966
AAPL,2024-12-12 18:30:00+00:00,248.515,248.63,248.475,248.5,16228.0,308.0,248.524234
AAPL,2024-12-12 18:45:00+00:00,248.5,248.57,248.425,248.52,16437.0,249.0,248.497158
AAPL,2024-12-12 19:00:00+00:00,248.55,248.73,248.42,248.445,19420.0,269.0,248.563241
AAPL,2024-12-12 19:15:00+00:00,248.455,248.49,248.01,248.01,15195.0,254.0,248.294601
AAPL,2024-12-12 19:30:00+00:00,248.02,248.19,247.81,247.97,9737.0,169.0,248.048313
AAPL,2024-12-12 19:45:00+00:00,248.06,248.095,247.915,247.935,6935.0,164.0,248.015323
AAPL,2024-12-12 20:00:00+00:00,247.94,247.94,247.47,247.6,10699.0,203.0,247.654378
AAPL,2024-12-12 20:15:00+00:00,247.595,247.88,247.585,247.715,18914.0,293.0,247.707901
AAPL,2024-12-12 20:30:00+00:00,247.76,248.12,247.745,247.91,17503.0,284.0,247.930465
AAPL,2024-12-12 20:45:00+00:00,247.92,248.2,247.92,248.02,97329.0,1067.0,248.079728
AAPL,2024-12-13 14:30:00+00:00,247.91,249.245,247.84,248.92,48172.0,661.0,248.44454
AAPL,2024-12-13 14:45:00+00:00,249.045,249.06,248.15,248.34,55222.0,453.0,248.48836
AAPL,2024-12-13 15:00:00+00:00,248.35,248.35,247.56,247.77,36999.0,384.0,247.95218
AAPL,2024-12-13 15:15:00+00:00,247.7,247.8,247.37,247.555,26375.0,325.0,247.55281
AAPL,2024-12-13 15:30:00+00:00,247.58,247.945,247.17,247.35,19431.0,297.0,247.514423
AAPL,2024-12-13 15:45:00+00:00,247.31,247.61,246.98,247.24,24681.0,339.0,247.188589
AAPL,2024-12-13 16:00:00+00:00,247.24,247.29,246.57,246.61,23545.0,334.0,246.829985
AAPL,2024-12-13 16:15:00+00:00,246.64,247.1,246.52,246.635,17106.0,272.0,246.850702
AAPL,2024-12-13 16:30:00+00:00,246.62,246.995,246.475,246.67,60648.0,356.0,246.662454
AAPL,2024-12-13 16:45:00+00:00,246.55,246.775,246.42,246.715,22209.0,242.0,246.542019
AAPL,2024-12-13 17:00:00+00:00,246.685,246.725,246.36,246.4,30243.0,275.0,246.470286
AAPL,2024-12-13 17:15:00+00:00,246.33,246.58,246.25,246.45,11470.0,128.0,246.439224
AAPL,2024-12-13 17:30:00+00:00,246.43,246.855,246.345,246.665,15626.0,175.0,246.58939
AAPL,2024-12-13 17:45:00+00:00,246.675,246.77,246.505,246.58,15843.0,169.0,246.654564
AAPL,2024-12-13 18:00:00+00:00,246.565,246.88,246.565,246.77,13165.0,133.0,246.764101
AAPL,2024-12-13 18:15:00+00:00,246.75,247.25,246.73,247.19,34510.0,225.0,246.913272
AAPL,2024-12-13 18:30:00+00:00,247.175,247.6,247.175,247.595,6253.0,102.0,247.421038
AAPL,2024-12-13 18:45:00+00:00,247.585,247.87,247.585,247.84,9817.0,132.0,247.709617
AAPL,2024-12-13 19:00:00+00:00,247.83,247.995,247.625,247.625,17508.0,211.0,247.779054
AAPL,2024-12-13 19:15:00+00:00,247.65,247.94,247.65,247.92,6955.0,157.0,247.776135
AAPL,2024-12-13 19:30:00+00:00,247.91,248.02,247.81,247.82,15440.0,225.0,247.918301
AAPL,2024-12-13 19:45:00+00:00,247.825,247.94,247.645,247.855,10244.0,161.0,247.776635
AAPL,2024-12-13 20:00:00+00:00,247.86,247.985,247.83,247.98,11820.0,168.0,247.887334
AAPL,2024-12-13 20:15:00+00:00,247.965,248.1,247.78,248.02,22163.0,298.0,247.951418
AAPL,2024-12-13 20:30:00+00:00,248.0,248.275,247.955,248.06,23455.0,318.0,248.103482
AAPL,2024-12-13 20:45:00+00:00,248.085,248.29,247.9,248.08,59797.0,908.0,248.115604
AAPL,2024-12-16 14:30:00+00:00,247.955,249.99,247.73,249.6,76071.0,633.0,249.468769
AAPL,2024-12-16 14:45:00+00:00,249.75,249.8,248.535,248.62,35894.0,471.0,248.918989
AAPL,2024-12-16 15:00:00+00:00,248.615,249.2,248.5,249.16,26078.0,384.0,248.910544
AAPL,2024-12-16 15:15:00+00:00,249.18,249.23,248.75,249.08,20572.0,314.0,249.075826
AAPL,2024-12-16 15:30:00+00:00,248.98,249.465,248.84,249.215,17358.0,301.0,249.162712
AAPL,2024-12-16 15:45:00+00:00,249.205,249.48,249.12,249.3,21410.0,315.0,249.306194
AAPL,2024-12-16 16:00:00+00:00,249.33,249.935,249.19,249.84,25530.0,353.0,249.608432
AAPL,2024-12-16 16:15:00+00:00,249.835,249.955,249.62,249.67,43941.0,424.0,249.763626
AAPL,2024-12-16 16:30:00+00:00,249.69,249.89,249.54,249.875,28511.0,284.0,249.771717
AAPL,2024-12-16 16:45:00+00:00,249.84,250.285,249.79,250.275,134397.0,903.0,250.027243
AAPL,2024-12-16 17:00:00+00:00,250.275,250.29,249.79,250.105,46701.0,402.0,250.089973
AAPL,2024-12-16 17:15:00+00:00,250.115,250.21,249.86,249.99,50464.0,256.0,250.095783
AAPL,2024-12-16 17:30:00+00:00,250.06,250.64,250.06,250.64,17561.0,235.0,250.329667
AAPL,2024-12-16 17:45:00+00:00,250.63,251.355,250.51,251.27,36996.0,409.0,250.931592
AAPL,2024-12-16 18:00:00+00:00,251.22,251.23,250.77,251.115,23182.0,404.0,250.963424
AAPL,2024-12-16 18:15:00+00:00,251.13,251.26,250.98,251.1,16224.0,191.0,251.078516
AAPL,2024-12-16 18:30:00+00:00,251.075,251.085,250.58,251.08,22053.0,282.0,250.829842
AAPL,2024-12-16 18:45:00+00:00,251.18,251.23,250.87,250.9,13588.0,179.0,251.016012
AAPL,2024-12-16 19:00:00+00:00,250.86,251.08,250.76,251.08,22008.0,233.0,250.957285
AAPL,2024-12-16 19:15:00+00:00,251.16,251.2,250.81,250.84,17402.0,247.0,251.04392
AAPL,2024-12-16 19:30:00+00:00,250.81,250.955,250.71,250.955,17217.0,215.0,250.830225
AAPL,2024-12-16 19:45:00+00:00,250.92,250.985,250.72,250.88,32388.0,384.0,250.902019
AAPL,2024-12-16 20:00:00+00:00,250.72,250.72,250.22,250.49,18026.0,299.0,250.468295
AAPL,2024-12-16 20:15:00+00:00,250.505,250.75,250.33,250.71,20278.0,246.0,250.49178
AAPL,2024-12-16 20:30:00+00:00,250.725,250.79,250.25,250.25,26987.0,362.0,250.58342
AAPL,2024-12-16 20:45:00+00:00,250.14,251.1,249.965,251.03,115286.0,1304.0,250.677824
AAPL,2024-12-17 14:30:00+00:00,250.19,252.855,249.87,252.79,88027.0,973.0,251.453459
AAPL,2024-12-17 14:45:00+00:00,252.77,252.97,251.94,252.04,78366.0,726.0,252.537473
AAPL,2024-12-17 15:00:00+00:00,252.04,252.59,251.86,251.97,64411.0,850.0,252.180335
AAPL,2024-12-17 15:15:00+00:00,251.98,252.51,251.89,252.29,49159.0,700.0,252.197729
AAPL,2024-12-17 15:30:00+00:00,252.29,252.38,251.78,252.35,45523.0,614.0,252.162406
AAPL,2024-12-17 15:45:00+00:00,252.355,252.65,252.12,252.35,50168.0,559.0,252.387382
AAPL,2024-12-17 16:00:00+00:00,252.335,253.34,252.25,253.08,69956.0,769.0,252.772985
AAPL,2024-12-17 16:15:00+00:00,253.04,253.045,252.31,252.55,101242.0,687.0,252.62066
AAPL,2024-12-17 16:30:00+00:00,252.53,252.95,252.49,252.82,38009.0,375.0,252.71752
AAPL,2024-12-17 16:45:00+00:00,252.82,253.08,252.77,253.07,44881.0,540.0,252.939728
AAPL,2024-12-17 17:00:00+00:00,253.085,253.225,252.815,252.865,37069.0,424.0,253.025185
AAPL,2024-12-17 17:15:00+00:00,252.84,253.3,252.59,253.22,44035.0,550.0,253.04842
AAPL,2024-12-17 17:30:00+00:00,253.23,253.28,252.88,252.89,55189.0,697.0,253.065978
AAPL,2024-12-17 17:45:00+00:00,252.885,253.04,252.81,252.93,26207.0,415.0,252.914252
AAPL,2024-12-17 18:00:00+00:00,252.83,253.04,252.73,252.93,21083.0,330.0,252.877398
AAPL,2024-12-17 18:15:00+00:00,252.96,253.18,252.835,253.115,30611.0,434.0,252.998545
AAPL,2024-12-17 18:30:00+00:00,253.15,253.62,253.095,253.6,29606.0,414.0,253.327908
AAPL,2024-12-17 18:45:00+00:00,253.59,253.59,253.25,253.32,27909.0,351.0,253.393659
AAPL,2024-12-17 19:00:00+00:00,253.35,253.4,253.06,253.12,21644.0,313.0,253.169105
AAPL,2024-12-17 19:15:00+00:00,253.165,253.235,252.94,253.205,26134.0,290.0,253.100946
AAPL,2024-12-17 19:30:00+00:00,253.2,253.39,252.92,253.255,37024.0,469.0,253.226636
AAPL,2024-12-17 19:45:00+00:00,253.28,253.365,253.06,253.25,22511.0,291.0,253.228835
AAPL,2024-12-17 20:00:00+00:00,253.25,253.28,252.79,253.1,29886.0,407.0,253.028905
AAPL,2024-12-17 20:15:00+00:00,253.1,253.11,252.815,252.875,49328.0,690.0,252.98605
AAPL,2024-12-17 20:30:00+00:00,252.885,253.24,252.655,253.21,57686.0,643.0,252.895679
AAPL,2024-12-17 20:45:00+00:00,253.185,253.8,252.71,253.5,261290.0,2399.0,253.433136
AAPL,2024-12-18 14:30:00+00:00,252.22,253.38,251.45,251.78,104038.0,862.0,252.471371
AAPL,2024-12-18 14:45:00+00:00,251.64,252.35,251.33,252.035,48833.0,608.0,251.916024
AAPL,2024-12-18 15:00:00+00:00,252.035,253.2,251.98,253.085,26166.0,351.0,252.724922
AAPL,2024-12-18 15:15:00+00:00,253.09,253.26,252.775,253.07,41277.0,395.0,253.056082
AAPL,2024-12-18 15:30:00+00:00,253.07,253.71,252.91,253.7,35108.0,423.0,253.139215
AAPL,2024-12-18 15:45:00+00:00,253.6,253.8,253.43,253.46,51485.0,403.0,253.538166
AAPL,2024-12-18 16:00:00+00:00,253.535,253.54,252.98,253.0,41675.0,386.0,253.31493
AAPL,2024-12-18 16:15:00+00:00,252.97,253.31,252.85,253.31,37557.0,620.0,252.991193
AAPL,2024-12-18 16:30:00+00:00,253.27,253.46,253.195,253.46,21460.0,340.0,253.308645
AAPL,2024-12-18 16:45:00+00:00,253.455,253.615,253.3,253.52,9100.0,170.0,253.492852
AAPL,2024-12-18 17:00:00+00:00,253.38,253.855,253.36,253.825,12684.0,209.0,253.672688
AAPL,2024-12-18 17:15:00+00:00,253.87,254.02,253.54,253.66,15123.0,300.0,253.834735
AAPL,2024-12-18 17:30:00+00:00,253.57,253.96,253.51,253.795,16810.0,303.0,253.796273
AAPL,2024-12-18 17:45:00+00:00,253.795,253.96,253.72,253.84,25993.0,382.0,253.8308
AAPL,2024-12-18 18:00:00+00:00,253.84,253.87,253.645,253.765,47201.0,231.0,253.815322
AAPL,2024-12-18 18:15:00+00:00,253.775,254.0,253.64,253.715,33701.0,221.0,253.814194
AAPL,2024-12-18 18:30:00+00:00,253.695,254.155,253.69,254.155,16320.0,233.0,253.921946
AAPL,2024-12-18 18:45:00+00:00,254.145,254.265,253.995,254.09,38114.0,405.0,254.1207
AAPL,2024-12-18 19:00:00+00:00,254.08,254.08,252.52,252.78,35701.0,536.0,253.173307
AAPL,2024-12-18 19:15:00+00:00,252.81,253.06,251.57,252.455,28996.0,423.0,252.545534
AAPL,2024-12-18 19:30:00+00:00,252.39,252.96,252.15,252.285,48032.0,651.0,252.524715
AAPL,2024-12-18 19:45:00+00:00,252.27,252.3,250.92,251.02,49162.0,760.0,251.544041
AAPL,2024-12-18 20:00:00+00:00,251.04,251.36,250.4,250.61,87865.0,1048.0,250.827032
AAPL,2024-12-18 20:15:00+00:00,250.58,250.755,249.51,249.89,94502.0,1145.0,250.101224
AAPL,2024-12-18 20:30:00+00:00,249.92,250.37,248.12,248.15,187407.0,1844.0,249.349351
AAPL,2024-12-18 20:45:00+00:00,248.115,249.67,247.74,247.95,221050.0,2693.0,248.658722
AAPL,2024-12-18 21:00:00+00:00,246.18,246.18,246.18,246.18,100.0,1.0,246.18
AAPL,2024-12-19 14:30:00+00:00,247.46,249.17,247.11,248.56,101222.0,1297.0,248.203852
AAPL,2024-12-19 14:45:00+00:00,248.55,248.9,247.795,248.675,41400.0,601.0,248.422039
AAPL,2024-12-19 15:00:00+00:00,248.67,250.825,248.66,250.75,102890.0,1129.0,249.49721
AAPL,2024-12-19 15:15:00+00:00,250.745,251.02,249.87,249.87,77074.0,979.0,250.532907
AAPL,2024-12-19 15:30:00+00:00,249.89,250.57,249.38,250.22,97764.0,971.0,249.757643
AAPL,2024-12-19 15:45:00+00:00,250.27,250.54,249.77,250.48,41325.0,605.0,250.142394
AAPL,2024-12-19 16:00:00+00:00,250.43,250.465,249.51,249.73,54734.0,679.0,249.771917
AAPL,2024-12-19 16:15:00+00:00,249.8,251.375,249.76,251.05,62683.0,744.0,250.696566
AAPL,2024-12-19 16:30:00+00:00,251.025,251.68,250.84,251.54,59483.0,718.0,251.407781
AAPL,2024-12-19 16:45:00+00:00,251.51,251.84,251.0,251.14,44048.0,580.0,251.482798
AAPL,2024-12-19 17:00:00+00:00,251.16,251.66,251.16,251.27,62444.0,560.0,251.380179
AAPL,2024-12-19 17:15:00+00:00,251.29,251.38,250.55,250.58,62488.0,585.0,250.90846
AAPL,2024-12-19 17:30:00+00:00,250.69,250.74,249.94,250.16,32002.0,514.0,250.299484
AAPL,2024-12-19 17:45:00+00:00,250.095,250.69,249.755,250.635,34977.0,601.0,250.128039
AAPL,2024-12-19 18:00:00+00:00,250.635,250.635,249.84,250.625,33958.0,499.0,250.211236
AAPL,2024-12-19 18:15:00+00:00,250.62,250.89,250.22,250.86,17381.0,291.0,250.511349
AAPL,2024-12-19 18:30:00+00:00,250.74,250.9,250.64,250.65,13865.0,243.0,250.747827
AAPL,2024-12-19 18:45:00+00:00,250.64,251.34,250.62,251.34,19202.0,322.0,250.962607
AAPL,2024-12-19 19:00:00+00:00,251.26,251.44,250.81,250.89,23571.0,283.0,251.123502
AAPL,2024-12-19 19:15:00+00:00,250.895,251.03,250.32,250.435,18502.0,297.0,250.717321
AAPL,2024-12-19 19:30:00+00:00,250.5,250.5,250.215,250.35,18757.0,299.0,250.362282
AAPL,2024-12-19 19:45:00+00:00,250.35,250.35,250.06,250.06,10591.0,219.0,250.215359
AAPL,2024-12-19 20:00:00+00:00,250.05,250.15,249.56,249.82,15861.0,296.0,249.797868
AAPL,2024-12-19 20:15:00+00:00,249.84,250.445,249.84,250.34,28029.0,383.0,250.262538
AAPL,2024-12-19 20:30:00+00:00,250.325,250.535,249.525,250.29,36944.0,551.0,250.155019
AAPL,2024-12-19 20:45:00+00:00,250.28,250.54,249.44,249.73,153423.0,1930.0,249.918827
AAPL,2024-12-19 21:00:00+00:00,249.89,249.89,249.89,249.89,100.0,1.0,249.89
AAPL,2024-12-20 14:30:00+00:00,248.175,248.64,246.335,247.19,64994.0,790.0,247.42635
AAPL,2024-12-20 14:45:00+00:00,247.2,247.41,246.48,246.845,36094.0,680.0,246.868554
AAPL,2024-12-20 15:00:00+00:00,246.915,248.67,246.85,248.63,49950.0,583.0,247.681544
AAPL,2024-12-20 15:15:00+00:00,248.665,249.62,248.33,249.62,59594.0,622.0,248.879677
AAPL,2024-12-20 15:30:00+00:00,249.59,250.375,249.43,249.78,45533.0,480.0,249.703658
AAPL,2024-12-20 15:45:00+00:00,249.82,250.27,249.64,249.98,23354.0,350.0,249.926627
AAPL,2024-12-20 16:00:00+00:00,250.0,251.41,249.88,251.39,51719.0,495.0,250.761186
AAPL,2024-12-20 16:15:00+00:00,251.34,252.0,251.31,252.0,27438.0,353.0,251.635806
AAPL,2024-12-20 16:30:00+00:00,251.95,253.24,251.93,253.22,73245.0,646.0,252.718923
AAPL,2024-12-20 16:45:00+00:00,253.22,253.38,252.76,253.19,49247.0,487.0,253.011388
AAPL,2024-12-20 17:00:00+00:00,253.115,253.92,253.0,253.55,29146.0,411.0,253.573039
AAPL,2024-12-20 17:15:00+00:00,253.55,253.74,253.31,253.735,45750.0,547.0,253.512622
AAPL,2024-12-20 17:30:00+00:00,253.735,253.735,253.2,253.575,54612.0,508.0,253.468424
AAPL,2024-12-20 17:45:00+00:00,253.58,253.78,253.36,253.38,35565.0,383.0,253.584495
AAPL,2024-12-20 18:00:00+00:00,253.36,253.395,253.14,253.32,34087.0,437.0,253.253996
AAPL,2024-12-20 18:15:00+00:00,253.34,253.375,252.815,252.89,38658.0,671.0,253.02343
AAPL,2024-12-20 18:30:00+00:00,252.9,253.2,252.71,253.12,19696.0,393.0,252.991474
AAPL,2024-12-20 18:45:00+00:00,253.09,253.45,252.82,252.87,20517.0,334.0,253.171318
AAPL,2024-12-20 19:00:00+00:00,252.86,253.115,252.685,252.91,18438.0,314.0,252.912412
AAPL,2024-12-20 19:15:00+00:00,252.9,253.65,252.855,253.6,25516.0,352.0,253.261028
AAPL,2024-12-20 19:30:00+00:00,253.62,253.8,253.485,253.605,29794.0,403.0,253.648806
AAPL,2024-12-20 19:45:00+00:00,253.61,253.735,253.305,253.6,22443.0,273.0,253.501346
AAPL,2024-12-20 20:00:00+00:00,253.61,253.835,253.54,253.71,59749.0,300.0,253.702693
AAPL,2024-12-20 20:15:00+00:00,253.775,254.19,253.43,253.47,34001.0,442.0,253.885491
AAPL,2024-12-20 20:30:00+00:00,253.56,253.86,252.87,253.705,44150.0,597.0,253.490345
AAPL,2024-12-20 20:45:00+00:00,253.6,255.0,252.97,254.6,199940.0,2028.0,253.928928
AAPL,2024-12-23 14:30:00+00:00,254.84,255.615,253.93,254.96,79952.0,1045.0,254.750944
AAPL,2024-12-23 14:45:00+00:00,255.03,255.38,253.995,254.97,101417.0,963.0,254.804609
AAPL,2024-12-23 15:00:00+00:00,255.035,255.035,253.45,253.81,110264.0,1002.0,254.35284
AAPL,2024-12-23 15:15:00+00:00,253.715,254.39,253.685,254.26,24092.0,421.0,254.108406
AAPL,2024-12-24 14:30:00+00:00,255.52,256.99,255.36,256.695,72175.0,738.0,256.217767
AAPL,2024-12-24 14:45:00+00:00,256.63,257.0,256.275,256.77,28512.0,397.0,256.666987
AAPL,2024-12-24 15:00:00+00:00,256.815,257.44,256.6,257.18,42424.0,449.0,257.032083
AAPL,2024-12-24 15:15:00+00:00,257.26,257.33,256.9,257.09,31012.0,365.0,257.117889
AAPL,2024-12-24 15:30:00+00:00,257.115,257.76,257.115,257.73,19773.0,276.0,257.542447
AAPL,2024-12-24 15:45:00+00:00,257.735,258.0,257.53,257.65,28431.0,329.0,257.756772
AAPL,2024-12-24 16:00:00+00:00,257.56,257.71,257.48,257.515,18552.0,255.0,257.586186
AAPL,2024-12-24 16:15:00+00:00,257.5,257.65,257.28,257.28,19315.0,263.0,257.460561
AAPL,2024-12-24 16:30:00+00:00,257.275,257.47,257.21,257.26,17731.0,232.0,257.364447
AAPL,2024-12-24 16:45:00+00:00,257.23,257.355,256.89,257.06,27655.0,339.0,257.16243
AAPL,2024-12-24 17:00:00+00:00,257.04,257.42,257.03,257.405,9388.0,147.0,257.194178
AAPL,2024-12-24 17:15:00+00:00,257.39,257.505,257.22,257.43,13029.0,193.0,257.349276
AAPL,2024-12-24 17:30:00+00:00,257.37,257.48,257.1,257.18,32629.0,361.0,257.297683
AAPL,2024-12-24 17:45:00+00:00,257.125,258.19,257.07,258.18,95481.0,1037.0,257.82303
AAPL,2024-12-26 14:30:00+00:00,258.355,260.1,258.14,259.35,81992.0,790.0,259.438357
AAPL,2024-12-26 14:45:00+00:00,259.08,259.32,258.06,258.88,26381.0,423.0,258.618181
AAPL,2024-12-26 15:00:00+00:00,258.82,258.83,257.96,258.27,35552.0,376.0,258.362066
AAPL,2024-12-26 15:15:00+00:00,258.18,258.365,257.68,258.365,13708.0,213.0,258.021983
AAPL,2024-12-26 15:30:00+00:00,258.37,258.775,258.34,258.505,15225.0,262.0,258.574388
AAPL,2024-12-26 15:45:00+00:00,258.525,258.61,258.12,258.34,7754.0,144.0,258.404154
AAPL,2024-12-26 16:00:00+00:00,258.38,258.955,258.32,258.955,11200.0,164.0,258.620008
AAPL,2024-12-26 16:15:00+00:00,258.99,259.17,258.75,258.9,9399.0,190.0,258.968039
AAPL,2024-12-26 16:30:00+00:00,258.875,259.21,258.86,259.21,16878.0,204.0,259.00954
AAPL,2024-12-26 16:45:00+00:00,259.17,259.17,258.82,258.9,14676.0,196.0,259.044265
AAPL,2024-12-26 17:00:00+00:00,258.88,259.195,258.88,259.195,12393.0,145.0,259.043463
AAPL,2024-12-26 17:15:00+00:00,259.24,259.3,258.98,258.98,8198.0,124.0,259.196286
AAPL,2024-12-26 17:30:00+00:00,258.98,259.32,258.98,259.19,14117.0,188.0,259.12613
AAPL,2024-12-26 17:45:00+00:00,259.16,259.17,258.58,258.85,11553.0,170.0,258.867507
AAPL,2024-12-26 18:00:00+00:00,258.93,259.03,258.66,258.72,13808.0,195.0,258.802732
AAPL,2024-12-26 18:15:00+00:00,258.77,258.88,258.68,258.81,7865.0,118.0,258.814242
AAPL,2024-12-26 18:30:00+00:00,258.715,258.84,258.59,258.7,9071.0,153.0,258.732969
AAPL,2024-12-26 18:45:00+00:00,258.75,258.91,258.465,258.62,17017.0,196.0,258.632916
AAPL,2024-12-26 19:00:00+00:00,258.615,258.68,258.455,258.565,8502.0,122.0,258.602529
AAPL,2024-12-26 19:15:00+00:00,258.47,258.66,258.46,258.62,10452.0,140.0,258.55041
AAPL,2024-12-26 19:30:00+00:00,258.615,258.9,258.59,258.81,10157.0,150.0,258.70943
AAPL,2024-12-26 19:45:00+00:00,258.815,259.075,258.815,259.065,13314.0,169.0,258.975492
AAPL,2024-12-26 20:00:00+00:00,259.145,259.46,259.13,259.29,17879.0,223.0,259.268454
AAPL,2024-12-26 20:15:00+00:00,259.32,259.39,259.14,259.15,12888.0,222.0,259.301319
AAPL,2024-12-26 20:30:00+00:00,259.115,259.37,259.09,259.35,14364.0,258.0,259.247922
AAPL,2024-12-26 20:45:00+00:00,259.42,259.51,259.065,259.15,75957.0,880.0,259.267657
AAPL,2024-12-27 14:30:00+00:00,257.93,258.64,256.16,256.5,47376.0,701.0,257.28261
AAPL,2024-12-27 14:45:00+00:00,256.41,257.0,256.25,256.44,24016.0,364.0,256.616885
AAPL,2024-12-27 15:00:00+00:00,256.65,256.65,255.37,255.49,50755.0,581.0,255.790262
AAPL,2024-12-27 15:15:00+00:00,255.48,255.54,254.93,254.98,49997.0,677.0,255.171645
AAPL,2024-12-27 15:30:00+00:00,254.98,255.355,254.525,255.29,47553.0,585.0,254.853877
AAPL,2024-12-27 15:45:00+00:00,255.3,255.33,254.95,254.97,35162.0,417.0,255.122882
AAPL,2024-12-27 16:00:00+00:00,254.965,255.03,254.1,254.1,26254.0,342.0,254.489751
AAPL,2024-12-27 16:15:00+00:00,254.17,254.735,254.07,254.735,61673.0,435.0,254.353775
AAPL,2024-12-27 16:30:00+00:00,254.73,254.79,254.125,254.2,46916.0,394.0,254.561993
AAPL,2024-12-27 16:45:00+00:00,254.09,254.245,253.37,253.635,48835.0,487.0,253.668429
AAPL,2024-12-27 17:00:00+00:00,253.61,253.73,253.07,253.47,52983.0,519.0,253.390999
AAPL,2024-12-27 17:15:00+00:00,253.52,253.93,253.32,253.68,25980.0,361.0,253.584452
AAPL,2024-12-27 17:30:00+00:00,253.66,254.11,253.66,254.06,22905.0,279.0,253.904649
AAPL,2024-12-27 17:45:00+00:00,254.055,254.54,253.9,254.54,19707.0,233.0,254.209564
AAPL,2024-12-27 18:00:00+00:00,254.485,254.825,254.29,254.57,13734.0,222.0,254.555342
AAPL,2024-12-27 18:15:00+00:00,254.555,254.965,254.555,254.945,15467.0,193.0,254.747645
AAPL,2024-12-27 18:30:00+00:00,254.895,255.18,254.89,255.03,15270.0,220.0,255.019518
AAPL,2024-12-27 18:45:00+00:00,255.14,255.31,254.97,255.27,15654.0,204.0,255.152236
AAPL,2024-12-27 19:00:00+00:00,255.21,255.41,255.2,255.28,10867.0,168.0,255.292389
AAPL,2024-12-27 19:15:00+00:00,255.3,255.48,254.975,255.02,14811.0,196.0,255.179169
AAPL,2024-12-27 19:30:00+00:00,255.04,255.36,254.98,255.35,9557.0,166.0,255.174753
AAPL,2024-12-27 19:45:00+00:00,255.34,255.55,255.325,255.465,14087.0,220.0,255.435124
AAPL,2024-12-27 20:00:00+00:00,255.425,255.425,254.965,255.03,21441.0,295.0,255.126107
AAPL,2024-12-27 20:15:00+00:00,255.02,255.21,254.98,255.18,25101.0,341.0,255.077736
AAPL,2024-12-27 20:30:00+00:00,255.15,255.21,254.97,255.04,24424.0,357.0,255.047577
AAPL,2024-12-27 20:45:00+00:00,255.03,255.82,254.99,255.635,171176.0,1716.0,255.51057
AAPL,2024-12-30 14:30:00+00:00,252.085,252.97,250.94,251.12,85359.0,1022.0,251.983037
AAPL,2024-12-30 14:45:00+00:00,250.98,251.62,250.89,251.28,41811.0,483.0,251.288437
AAPL,2024-12-30 15:00:00+00:00,251.22,252.05,251.02,252.0,43638.0,558.0,251.624097
AAPL,2024-12-30 15:15:00+00:00,251.99,251.99,250.75,250.93,53246.0,633.0,251.260931
AAPL,2024-12-30 15:30:00+00:00,250.94,252.025,250.92,251.7,30815.0,398.0,251.417757
AAPL,2024-12-30 15:45:00+00:00,251.73,252.15,251.12,251.7,40285.0,438.0,251.444071
AAPL,2024-12-30 16:00:00+00:00,251.685,251.72,251.07,251.29,29896.0,349.0,251.417351
AAPL,2024-12-30 16:15:00+00:00,251.29,252.25,251.29,251.905,30778.0,407.0,251.867765
AAPL,2024-12-30 16:30:00+00:00,251.89,252.58,251.82,252.495,29490.0,389.0,252.195975
AAPL,2024-12-30 16:45:00+00:00,252.54,252.62,252.185,252.51,20245.0,277.0,252.391377
AAPL,2024-12-30 17:00:00+00:00,252.48,252.81,252.365,252.545,32844.0,368.0,252.587291
AAPL,2024-12-30 17:15:00+00:00,252.54,253.08,252.51,253.06,19633.0,258.0,252.749889
AAPL,2024-12-30 17:30:00+00:00,253.06,253.27,252.94,253.27,16647.0,258.0,253.088384
AAPL,2024-12-30 17:45:00+00:00,253.24,253.45,252.74,253.45,14064.0,226.0,253.225735
AAPL,2024-12-30 18:00:00+00:00,253.38,253.38,252.88,253.04,11790.0,180.0,253.081338
AAPL,2024-12-30 18:15:00+00:00,253.06,253.125,252.535,252.895,17193.0,279.0,252.841069
AAPL,2024-12-30 18:30:00+00:00,252.88,253.26,252.795,253.14,20057.0,291.0,253.005063
AAPL,2024-12-30 18:45:00+00:00,253.16,253.27,252.99,253.14,19957.0,272.0,253.163264
AAPL,2024-12-30 19:00:00+00:00,253.13,253.2,252.82,252.975,17013.0,264.0,253.033976
AAPL,2024-12-30 19:15:00+00:00,252.915,253.04,252.6,252.91,18171.0,278.0,252.837791
AAPL,2024-12-30 19:30:00+00:00,252.94,253.27,252.9,253.115,21383.0,307.0,253.154191
AAPL,2024-12-30 19:45:00+00:00,253.125,253.5,253.08,253.33,23675.0,313.0,253.338039
AAPL,2024-12-30 20:00:00+00:00,253.33,253.48,253.085,253.43,25600.0,354.0,253.267473
AAPL,2024-12-30 20:15:00+00:00,253.365,253.46,252.69,252.74,25407.0,338.0,253.135256
AAPL,2024-12-30 20:30:00+00:00,252.73,252.97,252.6,252.87,34821.0,476.0,252.779923
AAPL,2024-12-30 20:45:00+00:00,252.86,253.03,252.15,252.15,133611.0,1466.0,252.564095
AAPL,2024-12-31 14:30:00+00:00,252.6,253.14,251.9,252.07,62769.0,871.0,252.552855
AAPL,2024-12-31 14:45:00+00:00,252.12,252.3,251.58,252.23,31209.0,408.0,252.035595
AAPL,2024-12-31 15:00:00+00:00,252.215,252.39,251.35,251.72,19800.0,304.0,251.874451
AAPL,2024-12-31 15:15:00+00:00,251.91,252.265,251.63,251.7,20888.0,304.0,251.930332
AAPL,2024-12-31 15:30:00+00:00,251.7,252.1,251.465,251.515,33232.0,436.0,251.716381
AAPL,2024-12-31 15:45:00+00:00,251.605,251.95,251.42,251.83,15468.0,231.0,251.689455
AAPL,2024-12-31 16:00:00+00:00,251.83,251.835,251.065,251.495,18991.0,248.0,251.435351
AAPL,2024-12-31 16:15:00+00:00,251.34,251.45,251.02,251.2,27373.0,348.0,251.215596
AAPL,2024-12-31 16:30:00+00:00,251.2,251.33,251.06,251.27,19423.0,306.0,251.209155
AAPL,2024-12-31 16:45:00+00:00,251.26,251.55,251.16,251.24,20834.0,249.0,251.337803
AAPL,2024-12-31 17:00:00+00:00,251.3,251.52,250.93,251.25,27657.0,287.0,251.268542
AAPL,2024-12-31 17:15:00+00:00,251.25,251.45,250.65,250.675,22687.0,273.0,251.087419
AAPL,2024-12-31 17:30:00+00:00,250.73,250.73,250.08,250.29,32136.0,423.0,250.328747
AAPL,2024-12-31 17:45:00+00:00,250.23,250.65,250.06,250.64,44015.0,487.0,250.345912
AAPL,2024-12-31 18:00:00+00:00,250.66,250.72,250.11,250.115,22652.0,257.0,250.473728
AAPL,2024-12-31 18:15:00+00:00,250.12,250.21,249.45,249.695,33118.0,394.0,249.79314
AAPL,2024-12-31 18:30:00+00:00,249.69,249.99,249.585,249.99,18228.0,217.0,249.730183
AAPL,2024-12-31 18:45:00+00:00,249.955,250.2,249.87,249.875,24557.0,251.0,250.011719
AAPL,2024-12-31 19:00:00+00:00,249.86,250.24,249.69,250.185,16414.0,218.0,250.064157
AAPL,2024-12-31 19:15:00+00:00,250.2,250.2,249.71,249.77,16628.0,213.0,249.872043
AAPL,2024-12-31 19:30:00+00:00,249.77,250.11,249.69,249.97,26204.0,364.0,249.885236
AAPL,2024-12-31 19:45:00+00:00,249.98,250.4,249.91,250.38,14962.0,220.0,250.083427
AAPL,2024-12-31 20:00:00+00:00,250.35,250.41,249.865,249.98,20253.0,220.0,250.22184
AAPL,2024-12-31 20:15:00+00:00,250.01,250.86,249.955,250.77,29780.0,407.0,250.568959
AAPL,2024-12-31 20:30:00+00:00,250.82,250.99,250.525,250.85,34162.0,497.0,250.777517
AAPL,2024-12-31 20:45:00+00:00,250.785,251.055,249.55,250.545,149680.0,1703.0,250.303189
